id,rest_id,name,postal_code,city,state,country,rating,category,menus,aspects
0,b-mOsKIonnlHllP9gfbXdgnQ,Silver Spoon,L1X 2B3,Pickering,ON,Canada,2.5,Indian,Chicken Biryani|beef|Naan|Lollypop Chicken|biryani|chicken pieces|rice|Sindhi Biryani|chana masala|Samosa|Sauce|chicken|Shami Kebab,Food|Staff|Take_Out
1,b-nbf4o8gUP2y9JKFE2wBO2A,Silver Spoon,L6W 2B8,Brampton,ON,Canada,2.5,Indian,dinner|butter chicken|sauce|Naan|Biryani|biryani|naan|nihari,Food|Staff|Service|Customer_Service
2,b-UaMq3DUhtkoZ5WCEQm2T9g,Silver Spoon,M1R 2S8,Toronto,ON,Canada,3.0,Indian|Pakistani,butter chicken|Naan|yogurt|chicken qourma|curry|Biryani|goat biryani|chicken biryani|biryani|raita|naan|Butter Chicken,Staff|Service|Customer_Service|Food|Decor|Taste|Price
3,b-P4h8kgy_48oE9vCHJc4BCQ,Silver Spoon,L5V 0A6,Mississauga,ON,Canada,2.5,Indian|Pakistani|Asian Fusion,Channa Masala|Naan|cake|lollipop chicken|chicken biryani|biryani|roll|Butter chicken|seekh kebab Masala|bread|Chicken|curry|Biryani|fish|chicken|Curry Dish|Palak Paneer|Achari Chicken|Haleem|chicken malai boti|Chicken Dish|naan|dinner|Chicken pieces|lamb|karahi chicken|Beef Samosa,Staff|Service|Customer_Service|Food|Menu|Taste|Price|Parking
4,b-LZWXP-D4YPlzsFjVx6b9XA,Spice South,28277,Charlotte,NC,United States,3.5,Indian,Chicken Tikka Masala|dinner|Dosa|chutney|Naan|plain|Papadums|masala curry|Dal|sambar|Rice|chicken curry|Sambar|Biryani|chicken|Veg Biryani|naan|beers,Staff|Service|Food|Ambience|Menu|Taste|Price
5,b-CvOxwAhmwwy3sQRKYVAjGg,Bombay Buffet Indian Cuisine,M1H 2Y1,Scarborough,ON,Canada,2.5,Pakistani|Caterers|Indian|Event Planning & Services,butter chicken|Naan|plain|tandoori chicken|mushrooms|chicken biryani|paneer|parathas|Butter chicken|ice cream|chicken Pierre|chicken|Tandoori Chicken|naan|dinner|dessert|fruit|Naan Bread|chicken tikka|Coke|Paneer Makhani,Staff|Service|Music|Food|Ambience|Menu|Taste|Price|Food_Quality
6,b-ZDx7kt4aOPTlmYTqXDrTGA,Canbe Foods,L1Z 0L9,Ajax,ON,Canada,4.0,Indian|Sri Lankan,tomato rice|idllis|sambhar|Samosa|Masala Dosa,Food|Parking|Take_Out|Service
7,b-p-J9iJgeHmPGk2jFAM0WnA,Red Chillez,28277,Charlotte,NC,United States,4.0,Indian,mango|dinner|masala dosa|Dosa|dessert|sambar|butter masala|rice|Chana Bhatura|Rava Dosa|pudding|chana masala|cheese bread|chicken tikka masala|saag paneer,Food|Menu|Service|Taste
8,b-RE4qn28MEiDrM1PbdYVgxA,Lena's Roti & Doubles,L6S,Brampton,ON,Canada,4.0,Caribbean|Indian,pepper sauce|chutney|Roti|chicken roti|roti|dhalpourie roti|lamb|goat|Jamaica rotis|goat roti|doubles,Food|Staff|Service|Price
9,b-_PKXarw3GjlbwbXhjdpUMA,Tangra Villa Hakka Chinese Cuisine,L3P,Markham,ON,Canada,3.5,Indian|Chinese,tikka masala|Schezwan Chicken|Chili Chicken|Manchurian Chicken|seafood|chili dishes|chicken|Chicken Pakora|chilli chicken|soup|Sauce|tao chicken|veggie chow mein|noodles|chow mein|Chili chicken|rice|chili chicken|Noodles|pakora,Food|Staff|Service|Price
10,b-scM6rLQqoz5dEIgwz_JFsg,Haveli Restaurant,53719,Fitchburg,WI,United States,4.5,Indian,tikka masala|Lamb Masala|Naan|masala curries|Vindaloo|cheese|tandoori chicken|papadam|tandoori roti|Dal tadka|eggplant dish|Tandoori Mixed Grill|Tikka Masala|chai|rice pudding|mango|Chicken Tikka Masala|Chicken|Biryani|shahi korma|Tikka masala|Tikki masala|Gobi|chicken Tikka masala|korma|mango lassi|lassis|naan|coconut naan|goat curry|rice|shahi paneer,Staff|Service|Food|Taste|Price|Food_Quality
11,b-eRZuxjnaMviiVyvhejwTBQ,Afghan Cuisine,L4C 4M6,Richmond Hill,ON,Canada,3.0,Ethnic Food|Pakistani|Halal|Food|Afghan|Specialty Food,Lamb Shank|chicken breast|Naan|tandoori chicken|Lamb shank|chicken dinner|chicken wrap|sauce|yogurt|bread|chicken pieces|chicken|Chicken seekh wrap|beef karahi|beef tikkas|beef tika|tandoori chicken dinner|BEEF|tandoori|salad|Afghan Cuisine|naan|beef|skewer|lamb shank|rice|lamb|chicken kebab dinner|Meat Kebab|beef tikka wrap|vegetable stew|Kebab Karahi,Staff|Service|Food|Decor|Price|Taste|Parking|Food_Quality
12,b-CB99Ifh4OnBTnuNdRjj_fQ,Soma Grill,28105,Matthews,NC,United States,4.0,Food|Indian,tikka masala|Naan|chickpeas|papadums|Vegetable samosa|Samosa|goat|tikki masala|Red Curry Chicken|Chicken Tikka Masala|lentil soup|sauce|bread|curry|Soma Grill|fish|chicken|lamb vindaloo|Lentil soup|salad|soup|Salad|cream sauce|Vegetable Samosa|Sauce|naan|Madras|dal|dinner|Chutney|shrimp|vegetables|tomato sauce|Rice|Chicken Madras|goat curry|rice|chicken korma|chicken tikka masala,Staff|Service|Food|Menu|Decor|Price
13,b-Eu-M3y8a5bIxIRXlCj9yHA,Watan Kabob,L4Z 1X8,Mississauga,ON,Canada,4.0,Pakistani|Halal|Middle Eastern|Afghan,chicken breast|Naan|tandoori fish|Chicken Breast Kebab|Afghani bread|Wazieri kebab|Kebab|sauce|bread|Qabulee rice|Chicken Skewer|Firni|Fries|barg kebab|fish|chicken|salad|Chicken dish|Tandoori Chicken|Chapli Kebab|Sauce|Fish Tandoori|naan|dinner|fish tandoori|Tandoori|rice|Rice|garlic sauce,Staff|Service|Customer_Service|Food|Menu|Taste|Decor|Price|Food_Quality
14,b-Dh2Z3WNu6M71LbMNHEeg3w,Hakka Town,L6P 0W4,Brampton,ON,Canada,2.0,Food|Indian|Chinese,Honey garlic chicken|tiger prawns|shrimp|scheshwan chicken|chilli chicken|soup|chicken|Garlic chicken,Food|Service
15,b-TTCZkfxt0GW8YUzdVe0PrA,Hyderabad House Arizona,85248,Chandler,AZ,United States,3.5,Buffets|Indian|Vegetarian,plain|eggplant dish|Double Ka Meeta|RICE|Veg Dum Biryani|biryani|paneer|Cashew chicken|Biryani|Onion Pokuras|mutton|sweets|Gobi|Palak Paneer|Nutella dosa|Sauce|butter paneer|naan|dinner|Chutney|dessert|Corn Vepudu,Staff|Service|Food|Ambience|Menu|Decor|Taste|Price
16,b-or1daHtUK9b7sqFRPf62GQ,Supreme Dosa,T2B 0S8,Calgary,AB,Canada,4.5,Indian,Supreme Dosa|Dosa|Ginger tea|Coconut rice|chicken dosa|mango lassie|Samosa|mutton Koththu|chicken,Food|Service|Decor|Price
17,b-vZu3xxlMQSqFngDgdFLfXg,Tamarind - The Indian Kitchen,M5J 2S1,Toronto,ON,Canada,3.5,Fast Food|Vegetarian|Indian,Dhaal|butter chicken|dinner|Naan|bread|chicken tikka|vegetables|aloo jalfrezi|rice|paneer|fish|Samosa|chicken|salmon|naan,Food|Staff|Price
18,b-5eDg_Y2N6aU_k7tIxoFXTg,Armaan Taste of India,89183,Las Vegas,NV,United States,4.0,Pakistani|Asian Fusion|Pizza|Indian|Soul Food,chicken masala|channa masala|butter chicken|Naan|tandoori chicken|Makhani Daal|Matar Mushroom|Chicken Tikka Masala|sauce|bread|Lamb chops|Goat Roganjosh|chai tea|chicken|Chicken Saag|beer|wine|Pakora|mango lassi|chick peas|samasoas|naan|Chili chicken|Karahi chicken|garlic naan|dinner|Lamb|Papadi chaat|cauliflower|Chana masala|rice|chili chicken|Chicken Kourma|tiki masala|crispy|palak paneer,Staff|Service|Food|Ambience|Menu|Taste|Price
19,b-3wJ4kJsJhayyfJ30HsS04g,Matka Indian Cuisine,85224,Chandler,AZ,United States,3.0,Buffets|Indian,cauliflower dish|tikka masala|butter chicken|Naan|Paneer dish|tandoori chicken|goat biryani|chicken biryani|biryani|paneer|Papad|Gulab Jamoons|papadum|Tandoori Chicken|Pakora|okra|Chicken Dish|naan|veggie|dinner|Chutney|egg curry|tomato sauce|rice|Andhra Chicken,Service|Food|Menu|Decor|Price
20,b-qhKNZTtTT6GLnPzQny-v9Q,Nirala Sweets & Restaurant,M1X 1E6,Scarborough,ON,Canada,4.0,Indian|Pakistani|Halal,Fish|tea|paneer|chai|Chanay|Nihari|yogurt|halwa puri|paya|curry|nihari|Chicken Tikka|halwa|Paya|lassi|halwa poori|Mango lassi|Chana|Halwa Puri|naan|garlic naan|puri|Nihari gravy curry|rice|Veal Biryani,Staff|Service|Food|Taste|Price
21,b-k9PfKE7KfztoMpOSx25UpA,SpiceBros,H9B 1Z8,Dollard-des-Ormeaux,QC,Canada,4.0,Fast Food|Indian,butter chicken|Potatoe bowls|naan bread|Naan|tandoori chicken|Frankie rolls|Paneer wrap|Samosa|bro bowl|Chicken Platter|Delhi Kebab|sauce|bread|chicken|naan roll|tandoori|fries|channa samosa|pastry|chili sauce|mango lassi|Sauce|butter paneer|naan|vegetables|Naan Bread|rice|roti|sandwich|palak paneer,Staff|Food|Menu|Decor|Price
22,b-3frFidAcPVYAFB2RxxkIdA,Star of India,15213,Pittsburgh,PA,United States,3.5,Indian|Pakistani,garlic naan|dinner|curry lamb|chat|Creamy Sauce|mattar paneer|basmati rice|Samosa|soup|lamb curry|naan|rice pudding,Food|Menu|Service|Price
23,b-7xA6iSP0Ndn08tpBFQtUKA,Aroma Fine Indian Cuisine,M5V 1J5,Toronto,ON,Canada,3.5,Middle Eastern|Indian|Pakistani,chicken masala|saffron sauce|butter chicken|Naan|bengan bharta|chicken dinner|Checkin Baryani|biryani|paneer|tandoor paneer|saag paneer|Patty|lamb biryani|chapati|chutney|Paneer Masala|Saag Paneer|Gulab Jamun|chicken|chicken tikka masala|khums matar paneer|chicken madras|chicken pakora|Sauce|lamb curry|naan|garlic naan|Lamb Rogan Josh|rice|papdi chat|Lamb Chop Kandhari|lamb|Chicken Noorani Kebab|lamb roganjosh,Staff|Service|Food|Price|Parking
24,b-mOsKIonnlHllP9gfbXdgnQ,Silver Spoon,L1X 2B3,Pickering,ON,Canada,2.5,Indian,Chicken Biryani|beef|Naan|Lollypop Chicken|biryani|chicken pieces|rice|Sindhi Biryani|chana masala|Samosa|Sauce|chicken|Shami Kebab,Food|Staff|Take_Out
24,b-mOsKIonnlHllP9gfbXdgnQ,Silver Spoon,L1X 2B3,Pickering,ON,Canada,2.5,Indian,Chicken Biryani|beef|Naan|Lollypop Chicken|biryani|chicken pieces|rice|Sindhi Biryani|chana masala|Samosa|Sauce|chicken|Shami Kebab,Food|Staff|Take_Out
25,b-COfzp0tze_F8N13zn40zzg,Bombay Mahal Thali,H3H 1L8,Montréal,QC,Canada,3.5,Indian,tikka masala|Oignon Bhaji|butter chicken|lentils|Naan|papdi chaat|papadums|paneer curry|Samosa|vegetable|sauce|bread|chicken|Vegetarian Thali|wine|Shahi Panner|Roti|mango lassi|paratha|basmati rice|chick peas|soup|kheer|naan|garlic naan|Lamb Korma|curry lamb|vegetables|vegetable mix|roti|lamb,Staff|Service|Food|Price|Delivery
26,b-DxbdfvNYPCyiLJDDPJK3Tg,Hakka Bro's,M3J 3H6,North York,ON,Canada,4.0,Hakka|Caribbean|Halal|Chinese|Indian,Soup|vegetable pakora|Chili Chicken|Szechwan chicken|chicken noodles|shrimp pekoras|chicken|Munchurian Chicken Chowmein|fish pakora|Chicken Pakora|chilli chicken|soup|Chicken Dish|Sauce|chicken Manchurian|Crispy ginger beef|shrimp|Chilli chicken|Spicy Shrimp|Chilli Chicken|Fish Pakora|Chicken Protein|rice|chili chicken|machurian chicken|crispy|Hakka noodles,Staff|Service|Food|Menu|Decor|Price|Taste|Delivery|Parking
27,b-MMOEaEcq-bsg_RYWHSC4_g,Little Spice,T2J 0P6,Calgary,AB,Canada,4.5,Indian|Halal|Pakistani,tikka masala|butter chicken|naan bread|Naan|Naan bread|vegetable pakora|Vindaloo|chicken biryani|egg rice|biryani|Samosa|Lamb Qorma|bbq platter|Chicken Roll|lamb biryani|qorma|Kebab|Butter chicken|bread|beef quorma|Chicken|curry|chicken|lamb vindaloo|lassi|tamarind sauce|Pakora|mango lassi|roghan gosht|basmati rice|Sauce|Quarma|naan|Chicken Samosa|garlic naan|Chutney|Lamb|beef|chicken tikka|samosa|rice|Mix Vegetable Gravy|Saffron rice|lamb|chicken tikka masala|Beef Samosa,Staff|Service|Food|Menu|Decor|Price|Taste
28,b-h-psPOmlY0mCOflb3S3rdQ,Chennai Chettinaad Palace,85053,Phoenix,AZ,United States,3.0,Indian,malia kofta|Dosa|vegetarian dish|butter masala|chili paneer|Vegetable Soup|Pav bhaji|chutney|sauce|Kothu Paratha|fish|fish curry|chicken|lamb vindaloo|Mango / Mint Juice|potato|malai cofta|medu wada|schezwan noodles|Chettinad curry|soup|idlis|dinner|porridge|gobi Manchuria|chicken tikka masala|Fish Curry,Staff|Service|Food|Taste|Decor|Food_Quality
29,b-V_jIfMz9Z7a5mthleRq0_w,Nirvana II,28202,Charlotte,NC,United States,3.5,Indian,tikka masala|coconut chicken|Naan|mint chutney|chicken biryani|korma sauce|Chicken Tikka Masala|Chicken biryani|pita bread|Okra|chana masala|fish curry|chicken|Aloo Bhindi|Chai|korma|Karahi Chicken|mango lassi|basmati rice|Chicken Dish|naan|beef|samosa|rice|yogurt chicken|chicken tikka masala,Staff|Service|Food|Menu|Taste|Price|Decor|Food_Quality
30,b-kG0N5urz2lkPEBDPjqFR3w,Maharani Indian Cuisine,28204,Charlotte,NC,United States,3.5,Desserts|Pakistani|Seafood|Food|Indian,Maharani|chickpeas|fish masala|chicken curry|sauce|chana masala|chicken|Mango Lassi|Diet Coke|chicken Tikka masala|Boneless chicken|mango lassi|Sauce|naan|garlic naan|dinner|Tandoori chicken|Garlic Naan|rice|chicken tikka masala,Staff|Service|Music|Food|Menu|Decor|Price
31,b-LwXo16VrGPhhOWc_Wj7ifw,OM Restaurant,89123,Las Vegas,NV,United States,4.0,Indian|Himalayan/Nepalese,Naan|Aloo Gobi|Chicken Tikka Masala|Pulao Rice|kofta|sauce|curry|Tikka masala|Chicken Momos|Lamb Vindaloo|chicken|tandoori|Chai|Lam Vindaloo|Basmati rice|mango lassi|Lamb vindaloo|mango chicken|Sauce|naan|Chicken Biryani|garlic naan|chicken tikka|Hot & Spicy Chicken Wings|Garlic Naan|samosa|rice|cauliflower|vegetarian dishes|lamb,Staff|Customer_Service|Food|Menu|Price
32,b-35KvoWbA3kEsdckaWqG3OA,Masala House Indian Bistro,15224,Pittsburgh,PA,United States,4.5,Indian|Vegetarian|Halal,tikka masala|Shrimp Chettinad|plain|Goat Gong|Goat Pepper Fry|gulab jamun|veg korma|goat|Samosa|biryani|paneer|chai|chili paneer|cauliflower korma|Chicken Tikka Masala|chutney|bread|Chicken masala|Goat|chicken vindaloo|butter naan|Chicken Spinach Dish|chicken|goat vindaloo|Chicken Tikka|Chana Masala|Curry|rabdi|mango lassi|karahi paneer|Saag paneer|lamb curry|naan|Garlic naan|Chicken Biryani|dinner|shrimp|Rabdi|Gobi Manchurian|Shrimp Tikka Masala|Rice|rice|Mango Mastani|spinach dal|buttery naan|crispy|pakora|masala chai,Staff|Service|Food|Menu|Decor|Taste|Parking|Food_Quality
33,b-XvuUYiJYAAiNC4AmdbBZ8g,Tandoori Grill,T3C 1C2,Calgary,AB,Canada,4.0,Ethnic Food|Food|Indian|Specialty Food,butter chicken|Naan|meat chunks|Samosa|goat|vegetable|sauce|bread|curry|Biryani|butter naan|Tandoori Grill|Beef Vindaloo|salad|tomatoe soup|Pakora|Meat Samosa|naan|Palak paneer|vegetables|samosa|cauliflower|rice|lamb|Beef Samosa,Staff|Service|Food|Menu|Price|Delivery
34,b-qMw7mFHAjgG7qN82aXmeZg,Tandoori Style Restaurant,L6T 4L4,Brampton,ON,Canada,4.0,Middle Eastern|Indian|Pakistani,Kebab|Butter chicken|chicken jalfrezi|beef|Naan|Biryani|Chicken Kebab|Chicken Dish|biryani|chicken|naan|Chicken Bones|palak paneer,Service|Food|Menu|Take_Out|Price
35,b-0cf-w9PK5gLkBkitL3bdqw,India Garden,85392,Avondale,AZ,United States,4.0,Buffets|Indian,tikka masala|Naan|tea|meatballs|tandoori chicken|lamb biryani|sauce|bread|Tikka masala|chicken vindaloo|chicken|beer|mango lasi|Mango Lassi Drink|Chai|Tofu Matar Curry|korma|chicken korma|lassis|naan|dinner|aloo gobhi|chicken tiki masala|rice|curry dish|Rice|tandori chicken|Saag Paneer|chicken tikka masala|palak paneer,Staff|Service|Customer_Service|Food|Menu|Taste|Price|Decor
36,b-Dd1w7xR7Xs3bthwusgy33Q,Lotus Deli,85210,Mesa,AZ,United States,4.5,Ethnic Food|Vegan|Vegetarian|Food|Fast Food|Indian|Specialty Food,Pao Bhaji|Vada pav|aloo bonda|chai|Vada Pav|Paav Bhaji|bread|samosa chaat|curry|Dahi Puri|Mango Lassi|Combo Thali|lassi|eggplant|snack|bhaji|Pavbhaji|chickpea|chickpea curry|soup|dal|Chole Bhatura|dessert|chat|chaats|potato curry|roti,Staff|Service|Food|Menu|Taste|Price
37,b-kfwpXBsMQLqhUvscWB6b9g,Indian Taste Restaurant,44087,Twinsburg,OH,United States,4.5,Ethnic Food|Desserts|Vegetarian|Food|Buffets|Indian|Specialty Food|Imported Food,Naan|tea|donuts|Tandoori Chicken|mango lassi|paneer|naan,Service|Customer_Service|Food|Menu|Price
38,b-5VOqWjRXUPc7b1A_NSI9mQ,Spicy Garden,M1S 4N6,Scarborough,ON,Canada,3.5,Indian|Chinese,dinner|garlic chicken|sauce|Chicken Pakora|Chicken|Paneer Chilli|rice|chicken|chili chicken|chilli chicken|paneer|noodles|Chicken Platter|Hakka noodles,Service|Food|Menu|Decor|Price
39,b-hubbaEcYPYEZu5Ziz6i0lw,Mantra Masala,89113,Las Vegas,NV,United States,3.5,Indian|Pakistani,tikka masala|Aloo Paratha|Tandoori Fish|yogurt sauce|Vindaloo|Aloo Tikki|lamb mantra|Mantra Masala|eggplant dish|Chick Tikka Masala|chicken biryani|tikka chicken|dewane handi|chicken bazari|Malai Kofta|Chicken Tikka Masala|Chicken Korma|Mantra Mixed Grill|Chicken Sag|curry|mango lassie|Mixed Grill|pita bread|chicken tandoori|chicken|Spinach Naan|Barah Kebab|spinach|tandoori|Tandoori Char|tamarind sauce|chicken pakora|soup|naan|dinner|Ras Malai|vegetables|Garlic Naan|mix grill|rice|Veggie Basil Curry|chicken tandori|Chicken Tikka Malasa|malai kofta|mango pickle|chicken tikka masala,Staff|Service|Customer_Service|Food|Menu|Decor|Taste|Price
40,b-MgsOZpYSntKSCzNROiWgYQ,Bombay Palace,M5C 2H2,Toronto,ON,Canada,3.0,Pakistani|Caterers|Middle Eastern|Buffets|Indian|Party & Event Planning|Event Planning & Services,butter chicken|pappadams|lentils|mango drink|mango dacquiris|Tandori chicken|tea|masala coffee|tandoori chicken|Dessert|Vegetable Pakora|goat|Samosa|paneer|rice pudding|mango|Butter chicken|sauce|bread|Rasmalai|veg curry|chicken vindaloo|butter naan|chicken|Aloo Chaat|Curry Dish|tandoori|Chana Masala|Pakora|tomato soup|paneer dish|chicken madras|Daal Makhaani|Saag paneer|crispy|beef curry|Mango lassi|Sauce|naan|dinner|Tandoori chicken|dessert|Veg Korma|garlic naan|tandoor|tomato bisque|tomato sauce|chicken korma|chicken tikka masala|Goat Curry,Staff|Service|Customer_Service|Food|Menu|Taste|Price|Food_Quality
41,b-De8Z9rLZOmf-icp3gDxCZA,Anjappar Chettinad Restaurant,M1J 2H1,Scarborough,ON,Canada,3.5,Indian,Soup|Chettinad Cusine|butter chicken|Dosa|paan|tomato chutney|biryani|Payasam|dosa|Biryani|crab curry|Mango|paper dosa|mutton|beer|chicken chettinad|vegetarian Biryani|mutton dish|mango lassi|onion dosa|naan|egg|Tandoori chicken|idli|cauliflower|potato curry|Kothu Parotta|pickle|Masala Dosa,Staff|Service|Food|Menu|Decor|Taste|Price
42,b-0zTLMQOZhiCp9GFtegiFsw,Kohinoor Cuisine of India,85281,Tempe,AZ,United States,4.0,Buffets|Indian,Naan|tea|chickpea dish|mint chutney|goat|coffee|Mango Smoothie|Biryani|chicken|shai paneer|beer|sweets|Mango Lasse|mango lassis|tamarind sauce|eggplant|mango lassi|naan|dinner|chat|samosa|rice|Rice|palak paneer,Staff|Service|Customer_Service|Food|Ambience|Menu|Taste|Price|Food_Quality
43,b-SxuD7iY8QO88PNbSdNmNKg,Thulasi Kitchen,53717,Madison,WI,United States,3.5,Desserts|Seafood|Halal|Food|Indian,butter chicken|Dosa|Paneer burji dosa|butter masala|vada|samosa chat|basmati|coconut drink|biryani|madras coffee|chowpaty|coconut chutney|masala tea|chutney|sauce|bread|dahi vada|mirchi bajji|Chaat dosa|spinach|Chicken Ghee|Tea|Vegetable Biryani|Paneer pieces|garlic naan|dinner|masala dosa|papdi chat|mango icecream|chole batura,Staff|Service|Music|Food|Menu|Decor|Price
44,b-DJuQgsoj-qmU0i5iTAa4aA,Tadka Restaurant,44070,North Olmsted,OH,United States,3.0,Indian,tikka masala|Dosa|Red Curry Chicken|sauce|Kingfish beer|curry|fish curry|chicken|Lamb Saag|vegetable samosa|Palak Paneer|veg manchurian|donut balls|birbali shorba|mango lassi|soup|basmati rice|Sauce|naan|Dinner|garlic naan|Tandoori chicken|dessert|dinner|Chicken Makhani|chicken tiki masala|Garlic Naan|rice|Alu Gobi|lamb|chicken tikka masala|Cake,Staff|Service|Music|Food|Menu|Decor|Taste
45,b-vCx6uieEF0W0mKFK4sT3Yg,Waterfalls Indian Tapas Bar & Grill,M5T,Toronto,ON,Canada,2.5,Indian,beef vindaloo|butter chicken|naan bread|mushroom makini|meat tapas|cheese|chettinad|biryani|Chicken Vindaloo|paneer|mango chutney|pappadums|seafood|chicken dish|chai tea|chicken|beer|lamb vindaloo|salad|wine|tamarind sauce|bhaji|coconut|Pakora|chilli chicken|tapas|naan|Dinner|masala sauce|dinner|calamari|shrimp|beef|papadom|combo platter|rice|appetizer platter|lamb|chicken tikka masala|Sauced Chicken Dish,Staff|Service|Music|Food|Menu|Taste|Price|Wifi
46,b-UAXz2KC1aXpxzV-MLdXbmQ,Delhi Bistro,M4E 1E9,Toronto,ON,Canada,4.0,Indian,butter chicken|Pastry|Garlic NAAN|Pani Poori|Aloo Gobi|Butter Chicken|Baigan Bhartha|onion bhajis|bread|dum biryani|Biryani|madras|Lamb Vindaloo|Pashwari Naan|lamb vindaloo|BUTTER CHICKEN|Dum Parda Biryani|breads|crispy|saag mushroom|naan|Madras|masala sauce|dinner|rice|CURRY|Fish Biryani|prawn puri,Staff|Service|Food|Taste|Price|Delivery
47,b-Pzs43Fkub-6A9hA1zqpF_w,Maharaja Restaurant,53719,Madison,WI,United States,4.0,Indian|Pakistani,tikka masala|Lamb Josh|Naan|cheese pakora|tandoori chicken|Tikka Masala|chicken makhani|vegetable curry|Chicken Tikka Masala|dosa|sauce|chutney|Chicken|curry|Mixed Grill|fish|wine|aloo chole|Paneer|sambar|coconut|Pakora|naan|dinner|Tandoori chicken|Gobi Manchurian|rice|TEA|lamb,Staff|Service|Customer_Service|Food|Menu|Taste|Price|Delivery
48,b-bO_JX-lDo5D5JGZhK5Ly3A,Cafe Krishna,85226,Chandler,AZ,United States,3.0,Desserts|Vegetarian|Food|Indian,Dosa|Dessert|chaat|paneer|masala tea|chutney|dosa|okra curry|samosa chaat|Udupi Masala Dosa|vegetable fritters|sabji|Karahi Bhindi Masala|uthappam|rasam|Gobi|Medu vada|okra|Sauce|kheer|naan|dinner|Chutney|curry vegetables|Chili Bhaji|vegetables|pakoda|Saag Paneer|gobi manchurian|uttapam|Vadas|Masala Dosa,Staff|Service|Food|Ambience|Menu|Price
49,b-gw0ZS5b5RP3Lzr1BoCbALg,Charkha Exotic Indian Cuisine,44113,Cleveland,OH,United States,4.0,Indian,tikka masala|Naan|Naan bread|vegetable pakora|lamb saag|lamb meat|Karahi Paneer|mint chutney|somosa|Rice Pudding|flatbread|Batura|Indian Spiced Iced Tea|Tikka Masala|Samosa|onion pakora|paneer|Aloo Gobi|chai|rice pudding|parathas|Tandoori Roti|mango chutney|Chicken Tikka Masala|lentil soup|sauce|Daal|bread|chana masala|chicken vindaloo|Lamb Dhansak|chicken|Pashwari Naan|papadum|Mango Lassi|aloo|spinach|Chana Masala|salad|zucchini pakora|eggplant|Chicken soup|Bread|Saag paneer|basmati rice|Shahi paneer|lamb curry|raita|kheer|naan|Dinner|garlic naan|Chutney|dessert|dinner|papad|Lamb Korma|shrimp|jeera rice|tomato sauce|rice|vindaloo|Paneer Pakora|cauliflower|Paratha|tandori chicken|chicken soup|Non-Veg Tandoori Appetizer|crispy,Staff|Service|Customer_Service|Food|Menu|Decor|Price|Parking
50,b-idrN6XWKErG6nKDsEMNbOQ,Airport Bukhara,L4T 2H2,Mississauga,ON,Canada,3.0,Buffets|Indian,butter chicken|Butter chicken|tandoori|Naan|dal makhni|bread|vegetables|egg plant|tandoori chicken|Paneer|Dessert|fish|Samosa|chicken|pina colada|naan|masala chai|fish pakora,Food|Staff|Service|Price
51,b-qcqDjeirxvdgW5kQVkEwSA,The Red Room,M5T 2G8,Toronto,ON,Canada,3.0,Beer|Nightlife|Wine & Spirits|Pubs|Asian Fusion|Pakistani|Lounges|Chinese|Food|Thai|Indian|Canadian (New)|Bars,pad thai|Pad Thai|tea|cheese|coffee|nachos|lemon wedge|pad Thai|chicken|beer|FRIED RICE|fries|shrimp rolls|toast|pancakes|soup|burger|dinner|shrimp|rice|Amber|chicken nuggets|Noodles|beers,Service|Music|Food|Menu|Price|Food_Quality
52,b-ICUCAzUZFiWkYs7iCtNCQg,Copper Modern Indian Cuisine,28203,Charlotte,NC,United States,4.0,Nightlife|Pakistani|Wine Bars|Indian|Bars,tikka masala|chettinad chicken|Tomato soup|Naan|Samosa|paneer|saag paneer|Chicken Tikka Masala|chocolate cake|mango chutney|Chocolate cake|sauce|seafood|curry|Tikka masala|chicken|lamb vindaloo|halwa|paneer Tikka masala|spinach|Dhal makhani|Murgh Tikka Masala|salad|wine|basmati rice|chili cauliflower|naan|dinner|dhal makhani|Lamb|Tofu-Vegetable Kesari|cocktails|chicken tikka|Gunpowder prawns|lamb|scallops,Staff|Service|Food|Ambience|Menu|Taste|Price|Parking
53,b-xSuR0FK8cHzBLXowCV3Pyw,Brar Sweets Restaurant,L5C 3B6,Mississauga,ON,Canada,3.0,Indian,sweets|Malai Kofta|cholas|Chaat|kachoris|chaats|rice|pickles|chana bhatura|pickle|Chaat Pappri|chaat|Samosa|Sauce|naan,Service|Food|Ambience|Take_Out|Decor|Price|Taste
54,b-8PZGCtgG5MZKvz9i3B9gCA,Eastern Twist,M6C 1A1,Toronto,ON,Canada,4.0,Indian|Pakistani,butter chicken|bbq chicken|chicken curry|chicken wrap|Samosa|Butter Chicken|parathas|Bbq Chicken Poutine|sauce|bread|wrap bread|curry|paratha bread|chicken|carrot pickle|coconut milk soup|spinach|fries|paratha wrap|pickles|paratha|soup|Sauce|noodles|Chicken Wrap|potato chickpea wrap|rice|potato curry|Noodles Soup,Staff|Service|Food|Menu|Taste|Price
55,b-BxkVct02QHybp54ATZgkUQ,Jaipur Grille,M4S 2A3,Toronto,ON,Canada,3.5,Indian,beef vindaloo|tikka masala|mango mousse|Naan|daal|chicken tikkas|chaat|chicken biryani|biryani|rogan josh lamb|paneer|vegetable biryani|chai|vegetable curry|Samosa|wings|Chicken Tikka Masala|Mint chutney|vindaloo chicken|chutney|sauce|rogan josh|bread|pappadums|chicken pieces|Lamb chops|Saag Paneer|Tikka masala|fish|tandoori wings|chicken tikka masala|mango lassis|Onion Bhajis|lassi|salad|Pakora|mango lassi|makhani|okra dish|cashew salad|soup|Lamb korma|konkani|lamb korma|raita|naan|dahi bhalla|seesh kebab|dinner|dessert|shrimp|Gulab Jamon|vegetables|Tandoori|Lamb Rogan Josh|rice|tomato sauce|tomato curry sauce|chicken saag|Gulab Jamun|Paneer makhani|Palau Rice|crispy|BBQ,Staff|Service|Food|Ambience|Menu|Taste|Price|Decor|Parking
56,b-sUGlSS0AF2xPYFEjvKJbSA,Tandoori House,53719,Madison,WI,United States,3.5,Pakistani|Seafood|Halal|Indian,tikka masala|mango smoothie|Naan|plain|lamb tandoori|tikka|Roghan Josh|Samosa|Tandoori Cooked|chicken makhani|paneer|chai|vegetable curry|kofta|Grilled Fish|sauce|ghulab jaman|bread|Chicken Shahikorma|margarita|Lamb Curry|curry|shahi korma|salmon masala|chicken|beer|Palak Paneer|mango margarita|crispy|naan|dinner|chicken tikka|chicken tiki masala|goat curry|rice|shahi paneer|chicken tikka masala|pakora,Staff|Service|Food|Ambience|Menu|Taste|Price|Delivery
57,b-XNL6PRXaQxyDO2yeBdy11w,Express Indien,H4V 1T1,Montréal,QC,Canada,4.0,Indian,Soup|seekh kebab|butter chicken|saag|bread|daal soup|cheese|tandoor|rice|Samosa|butter paneer|chicken,Service|Food|Decor|Price|Delivery
58,b-h3_Jnt_y0VPaC5x5kCWY0w,Raja Foods,T2A 2Z5,Calgary,AB,Canada,3.5,Nightlife|Pakistani|Mediterranean|Hookah Bars|Indian|Bars,butter chicken|shisha|lassi|halwa puri|Shisha|Biryani,Food|Service|Customer_Service
59,b-jb0-JZMt-6Khsh-VwsDtLQ,The Tasty Touch,85032,Phoenix,AZ,United States,4.0,Indian|Vegetarian|Gluten-Free,naan bread|tea|Dabeli|paan|chicken biryani|paneer|Kutchi Dabeli|gobi|Paneer Curry|bread|Channa Batura|samosa chaat|curry|ice cream|Paav bhaji|saffron|dabeli|Roti|mango lassi|chick peas|Chickien Biranyi|naan|coconut barphi|dessert|vegetables|rice|chicken tikka masala|chole batura,Staff|Service|Food|Menu|Taste|Price
60,b-Ksk5cLav4OtbUtpRGp5b4g,India's Cafe & Kitchen,44129,Cleveland,OH,United States,3.5,Indian,pani puri|dinner|dessert|Butter chicken|Vegetables Jalfrezi|vegetables|Dal|Rice|goat|navratan korma|naan|Aloo Gobhi,Service|Food|Ambience|Take_Out|Price
61,b-gA4bnK91phT5FTzG4ki3Dw,Restaurant Devi,H3G 2B6,Montréal,QC,Canada,3.5,Buffets|Indian|Vegetarian,butter chicken|Naan|Naan bread|Lamb Kebab|murg tikka|plain|tandoori chicken|Cocktails|Samosa|saag|Hal Beer|vegetable|bread|Kebab Meat Platter|lamb Rogan Josh|chicken|papadum|beer|lamb vindaloo|wine|spinach bread|eggplant|amber beer|tomato soup|paneer makhani|Daal Makhaani|curry sauce|okra|somosas|Sauce|lamb curry|naan|lentil dish|dinner|dessert|Lamb|Vegetable Skewer|chicken tikka|Garlic Naan|rice|roti|Chana masala|Channa masala|keema naan,Staff|Service|Food|Menu|Taste|Price|Decor
62,b-DKqhCd3Vwl3CEo8vUHhLYg,Bombay's Chutney,L4S 1P3,Richmond Hill,ON,Canada,3.0,Indian,beef vindaloo|tikka masala|butter chicken|channa masala|Beef Curry|Naan|tandoori platter|aloo Gobi|Lamb Tikka|Vindaloo|Mattar paneer|chicken Tikka|tikka|Samosa|Lamb biryani|paneer|biryani|Aloo Gobi|Butter Chicken|lamb biryani|Malai Kofta|Bhindi|Butter chicken|masala tea|sauce|bread|Chicken masala|chicken pieces|curry|butter sauce|chicken|beer|lamb vindaloo|bhel puri|Bombay Chutney|lassi|salad|Mattar Paneer|lamb pieces|Tandoori Chicken|Karahi Chicken|matar paneer|Pakora|lamb korma|naan|Garlic naan|Chicken Biryani|dinner|Chutney|dessert|garlic naan|shrimp|Naan Bread|chicken tikka|vegetables|tandoor|samosa|rice|lamb vindalo|chili chicken|Aloo|chicken tikka masala|Beef Samosa|palak paneer,Staff|Service|Food|Decor|Price
63,b-geMa0_CtMOctkUhf_JXK9Q,Maison de Cari Golden,H2T 1S1,Montréal,QC,Canada,3.0,Indian,butter chicken|spinach|tandoori|naan bread|curry|palao rice|Saag paneer|chicken tandoori|Palak Panner|naan,Food|Service|Taste
64,b-xA6L2w_TlbxHubb1xeBE8w,Tamarind Savoring India,15220,Pittsburgh,PA,United States,4.0,Bakeries|Pakistani|Food|Indian,tikka masala|vegetable pakora|Chicken Tikki Masala|tandoori chicken|Chicken curries|poori|Samosa|biryani|paneer|saag paneer|gobi Manchurian|Butter Chicken|Chicken Tikka Masala|chocolate cake|dosa|vada sambhar|creamy sauce|butter naan|Mango Lassi|lamb vindaloo|Breads|Vodka|chicken chettinadu|navaratan korma|chili sauce|tofu|szechuan chicken|Idli|naan|Muttar Panir|dinner|Chutney|veg biryani|chicken tikka|tomato sauce|mango kulfi|roti|gobi manchurian|Cake|palak paneer,Staff|Service|Food|Menu|Taste|Price|Parking
65,b-ZJ0gQp0fcnIDiZv0m9--Gg,Angara India Spice Grill,89147,Las Vegas,NV,United States,4.5,Middle Eastern|Indian|Vegetarian,tikka masala|Naan|mint chutney|tandoori chicken|chicken curry|chicken biryani|Samosa|goat|paneer|tika masala|sauce|chutney|bread|Dal|curry|chicken|Panner tikka|Curry Dish|Peshawari Naan|tamarind sauce|kheer|naan|dinner|garlic naan|dessert|chicken tiki masala|samosa|goat curry|rice|Garlic Naan|chicken tikka masala,Staff|Service|Food|Taste|Price|Delivery
66,b-gXLiBVCHIqoPEw2CaP3QmQ,Pakwan Indian Bistro,85226,Chandler,AZ,United States,3.5,Desserts|Pakistani|Asian Fusion|Seafood|Halal|Vegetarian|Middle Eastern|Fast Food|Food|Indian|Kebab,butter chicken|Dosa|Chicken tikka masala|Pakwan biryani|Samosa|biryani|Mutton Biryani|chili paneer|Chicken Tikka Masala|dosa|Biryani|kata gravy|roti pachadi|Chicken Kebab|chana masala|chicken|Curry Dish|Haleem|Chicken Dish|lamb korma|naan|Chicken Biryani|garlic naan|dinner|Chutney|Lamb Biryani|mutton paya|rice|sambhar|Goat Biryani|pakora,Staff|Service|Food|Menu|Taste|Price|Food_Quality
67,b-tIXpNWE6R1yadAThbSefHw,Wanlee Loy,M1V 5P6,Toronto,ON,Canada,4.0,Hakka|Pakistani|Halal|Chinese,Chili chicken|cashew chicken|vegetables|rice|Fried Rice|Pakora|Beef chilli|crispy|rice noodles|chicken|beer,Service|Food|Menu|Taste|Price
68,b-f6T2YaTfGoSyQV-l4jzrjw,Rajdhani Sweets & Restaurant,M9V 2X5,Etobicoke,ON,Canada,3.5,Indian,Naan|Batura|paneer|Margarita|saag|vegetable|kofta|Mushroom masala|Malai kofta|sweets|chole bhature|Chaats|Breads|Chana|naan|Naan Bread|rice|Palak|bhatura,Staff|Service|Customer_Service|Food|Decor|Price|Taste|Parking
69,b-y4z0iQZWN4R2Fk8SiPQU5A,Urban Hakka,M4N 2L8,Toronto,ON,Canada,4.0,Hakka|Asian Fusion|Chinese|Indian,tandoori chicken|Bombay Chicken|Singaporean Noodles|sauce|Chicken Pad Thai|pasta|Tandoori Chicken Chow Mein|chowmein|crispy beef|chicken|sesame beef|Sesame crispy beef|Chicken Pakora|Singapore rice noodles|Bombay paneer|tandoori chicken chow mein|Pakora|mango lassi|tofu|chilli chicken|veg pakora|soup|chow mein|Cashew Chicken|shrimp|beef|rice|Chilli Chicken|chili chicken|crispy|Hakka noodles,Staff|Service|Food|Menu|Price|Delivery
70,b-pU7L-CQpl4syUwfEGAlb8g,Where the River Narrows,M4L 1V3,Toronto,ON,Canada,4.0,Indian|French,butter chicken|risotto|onion rings|Neapoliton Pizza|shrimp|pasta|Pizza|cheesecake|lamb|strawberry cheesecake|lamb curry,Staff|Service|Food|Menu|Price
71,b-ZNdV9ytExuxPTXSN8i2xhw,Needle and Pin,15216,Pittsburgh,PA,United States,4.0,Burgers|Breakfast & Brunch|Nightlife|British|Tapas/Small Plates|Cocktail Bars|Indian|Bars,tikka masala|beef Wellington bites|Scotch Eggs|plain|cheese|Cheesecake|tikka|Tikka Masala|Cocktails|vegetarian curry|beef Wellington|vegetable curry|mimosa|jackfruit|cocktail|Chili Paneer|lamb chops|steak|pudding|Blackberry Bramble|pork|jackfruit curry|paratha|scotch eggs|noodles|Lamb lollies|dinner|Lamb Lollipops|dessert|beef tenderloin|Bread plate|malai|cocktails|Gobi Manchurian|gin cocktail|bread pudding|cauliflower|rice|tiki masala|mimosas|BBQ,Staff|Service|Customer_Service|Food|Menu|Decor|Price|Taste|Parking
72,b-8grTRpmD9JYRPWayoLxg0w,Amaya Express,M6J 2Y7,Toronto,ON,Canada,3.0,Indian,Chicken Biryani|dinner|butter chicken|beef vindaloo|Lamb Pieces|shrimp|sauce|Mutter|curry|Pakora|Mutter paneer|rice|Samosa|naan,Staff|Food|Menu|Taste|Delivery
73,b-j4ytRzcmtU4cLMBrhY7jMA,Annalakshmi,L6P 0A1,Brampton,ON,Canada,4.0,Indian|Vegetarian,Dosa|Lassi|chutney|dosa|chocolate dosa|chicken|Madras Dosa|Sambar|sambar|Chilly Garlic Dosa|pickles|aloo parathas|sambhar|dinner|Chutney|masala dosa|tamarind rice|Crispy Dosa|Sambhar|Masala Dosa,Staff|Service|Customer_Service|Food|Ambience|Taste|Decor|Price
74,b-oVuZtlCFg_zF090Nhtp0Ow,Choolaah Indian BBQ,15206,Pittsburgh,PA,United States,4.0,Vegan|Vegetarian|Indian|Gluten-Free,tikka masala|lentils|Naan|yellow daal|masala bowl|Choolaah Salad|Samosa Chat|chaat|Paneer wrap|biryani|paneer|Samosa|Masala Sauce|mango|Pav bhaji|sauce|paneer pieces|chicken dish|curry|Tikki masala|chicken|salmon|Mango Lassi|Indian BBQ|salad|mint ginger|mango lassi|Pav Bhaji|Mango lassi|salmon tikka|basmati rice|Sauce|naan|chutney bar|pot pie|lamb balls|choolah bowl|tandoor|rice|roti|lamb meatballs|lamb|tiki masala|tandoori veggies,Staff|Service|Food|Ambience|Menu|Decor|Taste|Price|Parking
75,b-P4zWgzYzy03D9LeDTpKuDg,Guru Lukshmi,L5M 5H1,Mississauga,ON,Canada,4.5,Food|Indian|American (Traditional),dinner|Chutney|Onion Rava Masala Dosa|Dosa|dosa|chocolate dosa|vada sambar|sambhar|crispy,Food|Staff|Service|Taste
76,b-f7RXwcus_-EOsR0q5ctVjw,Didar,H3W 2R9,Montréal,QC,Canada,4.5,Indian,tikka masala|butter chicken|lentils|Naan|Chicken tikka masala|Chicken Thali|chicken biryani|Chicken Vindaloo|beef korma|Chicken curry|tandoori shrimp|sauce|bread|Non-Veg Thali|Chana samosa|chicken|Chicken Tikka|wine|Pakora|soup|naan|Chicken Biryani|garlic naan|dinner|Daal Soup|vegetables|chicken tikka|lamb,Staff|Service|Food|Menu|Price|Delivery
77,b-NHDdAZJqS3cf_K6HYxoQ9w,Dev,J7V 4X3,L'Île-Perrot,QC,Canada,4.0,Indian,butter chicken|cauliflower|mulligatawny soup|Samosa|Basmati Rice,Food|Menu|Service|Price
78,b-Q8uwArm4h8bhsqxw84Gd8w,Charcoal Kebab House,M1H 1A4,Toronto,ON,Canada,3.5,Asian Fusion|Halal|Chinese|Indian|Kebab,tea|Lamb Kebab|Pulao Lamb Rice|lamb buns|Lamb Noodles Soup|Yangman noodles|Chicken kebab|Kebab|dumpling|sauce|Lamb Skewer|bread|chicken|salad|dapanji|lamb kebab|Tea|noodles|Dapanji|Roast Kidney|Lamb|lamb soup|rice|Rice|langman noodles|lamb|Noodles,Staff|Service|Customer_Service|Food|Menu|Take_Out|Taste|Food_Quality
79,b-0Hy2VE9tqTo4QbovMz3xrQ,Masala Kitchen,M4A 1X1,Toronto,ON,Canada,3.5,Caterers|African|Halal|Indian|Event Planning & Services,Chicken Biryani|butter chicken|masala fish|Kebab|meatballs|Dal|rice|beef samosa|Batata Vada|chicken mishkaki|chicken|naan|Butter Chicken|meat thali,Staff|Service|Customer_Service|Food|Taste|Delivery|Food_Quality
80,b-AZKhBlrI5vgTBm3j9WwnbA,Bao-Shin To Go,L5C 2S3,Mississauga,ON,Canada,3.5,Hakka|Pakistani|Halal|Chinese|Indian,chilli fish|Shrimp Pakora|sauce|Vegetables|rice|tofu|fish|soup|chicken corn soup|chicken,Food|Service|Taste|Price
81,b-gsc1j3RZQdScBnULSwaV9A,Saffron Fine Indian Takeout,T2L 1V9,Calgary,AB,Canada,4.5,Indian,Gobi|butter chicken|Korma|samosa|curry|Pakora|Lamb vindaloo|Daal Makhaani|Samosa|naan,Staff|Service|Food|Menu|Taste|Price|Food_Quality
82,b-dg4EMyM1feTEWfLPSbunrg,Taj Indian Cuisine & Banquet Hall,85226,Chandler,AZ,United States,3.0,Venues & Event Spaces|Buffets|Indian|Event Planning & Services,butter chicken|Paneer Tikka Masala|wine|Naan|Naan bread|Tandoori Chicken|chicken tikka|Biryani|chicken vindaloo|Samosa|chicken|raita|ground beef|Chicken Samosa,Staff|Service|Food|Menu|Taste|Price
83,b-W_9ophRRWO924hn1S-y2Hg,Minerva Indian Cuisine,53717,Madison,WI,United States,4.0,Indian,Dosa|chicken curry|tandoori chicken|vada|chaat|Chicken Chettinad|cottage cheese|chutney|bread|curry|fish|chicken|Malai kofta|wine|Hyderabadi Chicken Dum Biryani|curry sauce|naan|Chicken Biryani|dinner|garlic naan|dessert|Idli Vada|Chettinad|rice|vindaloo|Amber|Butter Naan|Ghee dosa|Raita|sambhar|egg dosa|Masala Dosa|Dum Biryani,Staff|Service|Food|Menu|Taste|Food_Quality
84,b-rYziPPEILDXJ_F5uKR--YQ,Bollywood Bites,28134,Pineville,NC,United States,3.5,Indian|Vegetarian|Vegan,tikka masala|chole bhature|Pani Puri|yogurt|tamarind sauce|Aloo Tikki Chat|vada pau|roti|mango lassi|Masala Tea|Batata Vada|Tea|Samosa|batata vada|masala chai,Service|Customer_Service|Food|Menu|Taste|Price
85,b-OZwMMnRncrp7_uC-N3vV1Q,Hyderabad House -  Madison,53704,Madison,WI,United States,4.0,Buffets|Indian|Halal,Paneer pieces|dinner|butter chicken|chicken lollipop|Goat meat|tea|Fry Biryani|paneer biryani|Kheer|Biryani|Ulava Charu Veg Biryani|butter naan|chicken biryani|Samosa|biryani|tika masala,Staff|Service|Food|Menu|Decor
86,b-YywWkWX235ZurTWSLqNPog,Rajdhani Sweets,L6R 3J5,Brampton,ON,Canada,3.0,Indian|Vegetarian,Chaat|Chole|channa bhatura|paan|Samosa|paneer|Boondi Raita|Malai Kofta|saag|yogurt|bread|chaat papri|curry|chaat paapri|chana bhatura|Gobi|pastry|Roti|breads|Makai Ki Roti|Chole Batura|paratha|chickpea|naan|dessert|Cottage Cheese|mango shakes|samosa|shahi paneer|rice|Gajar Halwa|veg Thali,Staff|Service|Food|Ambience|Taste|Price|Food_Quality
87,b-BoiAZQB9AHRvazM055GFOw,Paradise India,89118,Las Vegas,NV,United States,4.5,Indian,tikka masala|Tikka Masala Chicken|Sampling Platter|chicken curry|flatbread|Samosa|biryani|Masala Sauce|lentil soup|bread|Dal|Paneer Tikka|chicken|Pashwari Naan|mango lassis|Shrimp|mango lassi|Sauce|Tandoori Platter|naan|dinner|garlic naan|saffron rice|bread pudding|Garlic Naan|rice|tikki Marsala|lamb|tikka masala sauce|chicken tikka masala|Masala Dosa,Staff|Service|Food|Menu|Taste
88,b-xYpAg60oZVbOtSYgrOKBgQ,India's Flame,85282,Tempe,AZ,United States,4.5,Nightlife|Buffets|Indian|Bars,salad bar|goat|chai|Butter Chicken|Chicken Tikka Masala|daal makhani|Malai kofta|tandoori|spinach|korma|mango lassi|Daal Makhaani|aloo gobi|Sauce|kheer|naan|garlic naan|Chutney|dinner|chole|Naan Bread|bhajis|Garlic Naan|roti|chicken tikka masala|palak paneer,Staff|Service|Food|Ambience|Menu|Taste|Price
89,b-TAnzFr9NixvCbvUdJMWL5Q,Paradise Biryani Pointe,85308,Glendale,AZ,United States,4.0,Indian,Dosa|Chicken Tika Masala|chicken biryani|biryani|bread|veg curries|biryani rice|Biryani|Goat|chicken|mango lassi|chilli chicken|Maharaja Bhojanam|Biryani Chicken|raita|dal|Chicken Biryani|garlic naan|rice|Rice|Goat Biryani|Goat Haidarabadi Masala|Dum Biryani,Staff|Service|Food|Menu|Taste|Food_Quality
90,b-7vgWonwfqRt9pxR1c00Ulw,Le Tandoor,J4W 1Z3,Brossard,QC,Canada,3.5,Middle Eastern|Indian|Pakistani,tikka masala|dinner|sauce|chicken dopiaza|chicken tikka|tomato soup|Shahi paneer|paneer,Staff|Service|Food|Take_Out|Price
91,b-j9YFHVQqxM_qKHIc4nck-A,Wong's Asian Cuisine,M1P 2P5,Scarborough,ON,Canada,4.0,Hakka|Asian Fusion|Chinese|Indian,Shrimp Pakora|Bombay Chicken|egg roll|vanilla ice cream|sauce|shrimp pakora|Bombay chicken|fish|curry beef|Manchurian Beef|chicken|fish pakora|tandoori|Chicken Pakora|fries|Pakora|soup|chicken pakora|rice noodles|Mixed Vegetables Chicken|dinner|shrimp|Chili Fish|Paneer Pakora|rice|chicken soup|Noodles,Service|Customer_Service|Food|Menu|Taste|Price
92,b-S4qUsi44l5D9BbUCkhwQEA,New India Gate,85226,Chandler,AZ,United States,4.5,Nightlife|Vegan|Beer Bar|Halal|Buffets|Indian|Bars,tikka masala|dinner|Chutney|dessert|goat madras|Sauce|custard|biryani|Tandoori Chicken|tandoori chicken|fish vindaloo|rice|roti|Chicken|chicken dum biryani|chicken tandoori|naan,Staff|Service|Customer_Service|Food|Menu|Decor|Price|Food_Quality
93,b-yy_FhzQCeLreV21OBccPAg,Shalimar Foods,85224,Chandler,AZ,United States,4.0,Ethnic Food|Food|Indian|Specialty Food,garlic naan|Chicken Curry|Curry|Naan|breads|Chicken|goat curry|Biryani|chicken nugget|chicken pakora|chicken tandoori|chicken nuggets|chicken tikka masala,Service|Food|Menu|Taste|Price
94,b--p-CuUMzN0HQz9OCQ8SZOA,Usmania Grill,L1V 6M5,Pickering,ON,Canada,3.0,Pakistani|Seafood|Halal|Indian,Kebab|bread|chicken tikka|biryani rice|Channa|tandoori chicken|rice|BBQ platter|chicken biryani|biryani|naan,Staff|Service|Food|Price|Food_Quality
95,b-GC9Re0tKAnecMww3DB638g,Jalsa Ice Cream and Bakery,85284,Tempe,AZ,United States,3.5,Desserts|Custom Cakes|Patisserie/Cake Shop|Food|Indian|Ice Cream & Frozen Yogurt|Cupcakes|Coffee & Tea,Vanilla cupcake|malai kulfi|cake|chocolate cupcake|coffee|cookies|mango|coffee cupcake|Meetha Pan|ice cream|saffron|cupcake|saffron pistachio|Kaju Draksh|pistachio|butter pecan|kulfi|falooda ice cream|ice creams|Pan masala|Meetha Paan|Cake|Pineapple Coconut,Staff|Service|Customer_Service|Taste|Price
96,b-_X0M7EMx475KZSX9wAsmgg,Bikaner Sweets & Restaurant,T3J 0L7,Calgary,AB,Canada,4.0,Indian,butter chicken|Veg Pakora|tandoori chicken|sauce|biryani rice|curry|fish|chicken vindaloo|chicken|sweets|Pakora|curry sauce|Pindi Chana|butter paneer|lamb curry|naan|dinner|Tandoori chicken|dessert|beef|jalebi,Service|Food|Menu|Taste|Price
97,b-DeI4KqEeWy0cTdh7Wy5_RA,Samosa Factory,89102,Las Vegas,NV,United States,4.0,Vegan|Pakistani|Caterers|Vegetarian|Indian|Event Planning & Services,tikka masala|naan bread|tea|vegetable chaat samosa|thali platter|Samosa|Chicken Vindaloo|paneer|chai|rice pudding|mango|sauce|bread|Lamb Vindaloo|chai tea|chicken|cilantro chutney|Tandoori Chicken|mango lassi|Daal Makhaani|Sauce|lamb curry|lamb korma|naan|garlic naan|Chutney|dinner|Baigan|samosa|boneless lamb|rice|roti|Amber|chicken tikka masala|Beef Samosa,Staff|Service|Music|Food|Menu|Decor|Taste
98,b-oX6y1Jm1jYLoWifmIrtaSQ,Chatpatay,28262,Charlotte,NC,United States,4.5,Indian|Himalayan/Nepalese|Pakistani,Papadi chat|Dabeli|Saag Shrimp|chicken biryani|chats|Chicken Vindaloo|paneer|chaat|dahi sev puri|parathas|lamb biryani|gobi|sauce|rogan josh|mango papdi chat|curry|Butter naan|Tikka masala|mango chat|pav bhaji|chicken|Bullet Naan|Mango Lassi|gobi paratha|Baingan Bharta|Paneer|pickles|chicken korma|Sauce|naan|dessert|Momos chutney|mango papri chat|Saag Chicken|malai kofta,Staff|Service|Food|Ambience|Menu|Taste|Price
99,b-c4qE3ygdEQUD9dZjganavA,Royal Ganesha,T2P 2B8,Calgary,AB,Canada,4.0,Nightlife|Lounges|Food|Indian|Food Delivery Services|Bars,butter chicken|gobi|Lamb Korma|Naan bread|Mango lassi|butter naan|Beef samosa|malai kofta|Sauce|rice pudding,Food|Staff|Service|Price
